,Appliance,Accuracy,Precision,Recall,F1
0,TV & DVD Digibox & Lamp,0.34138213,0.639244024,0.069245823,0.124955858
1,Kettle & Radio,0.840836911,0.756354619,0.050452835,0.094595642
2,Gas Boiler,0.290806243,0.730021444,0.174682722,0.281909021
3,Freezer,0.59829619,0.663905325,0.397731301,0.497450676
4,Washing Machine & Microwave & Breadmaker,0.562086826,0.73412598,0.043899192,0.08284446
