,Appliance,Accuracy,Precision,Recall,F1
0,TV & DVD Digibox & Lamp,0.073563688,1,0.073563688,0.137045783
1,Kettle & Radio,0.01099298,1,0.01099298,0.021746897
2,Gas Boiler,0.190690384,1,0.190690384,0.320302215
3,Freezer,0.348408642,0.703686846,0.272403707,0.392764595
4,Washing Machine & Microwave & Breadmaker,0.667648061,0.634454844,0.050332136,0.093265405
