,Appliance,Average
0,TV & DVD Digibox & Lamp,11.888918136893455
1,Kettle & Radio,1.3056886508949237
2,Gas Boiler,6.627038737944667
3,Freezer,22.67329884377139
4,Washing Machine & Microwave & Breadmaker,0.8522798709657894
