,Appliance,Average
0,TV & DVD Digibox & Lamp,11.204850544599092
1,Kettle & Radio,0.4977443244426156
2,Gas Boiler,6.8856381989518045
3,Freezer,25.987710085904386
4,Washing Machine & Microwave & Breadmaker,4.299862113778594
