,Appliance,Average
0,TV & DVD Digibox & Lamp,11.113351250060722
1,Kettle & Radio,1.0425706371036914
2,Gas Boiler,6.230611380378148
3,Freezer,22.585843573335527
4,Washing Machine & Microwave & Breadmaker,1.0976046669121693
