,Appliance,Average
0,TV & DVD Digibox & Lamp,11.304267050214433
1,Kettle & Radio,3.578334903541455
2,Gas Boiler,6.0920150900353525
3,Freezer,25.60642778978243
4,Washing Machine & Microwave & Breadmaker,3.7824100593544085
