,Appliance,Average
0,TV & DVD Digibox & Lamp,11.38748219750595
1,Kettle & Radio,1.1127560558878389
2,Gas Boiler,37.21077646931591
3,Freezer,21.2239344042216
4,Washing Machine & Microwave & Breadmaker,1.375421268383733
