,Appliance,Average
0,TV & DVD Digibox & Lamp,11.472831409985668
1,Kettle & Radio,21.002371976568924
2,Gas Boiler,35.30589463561919
3,Freezer,25.681287450309036
4,Washing Machine & Microwave & Breadmaker,21.16622615116936
