,Appliance,Average
0,TV & DVD Digibox & Lamp,11.619429916130237
1,Kettle & Radio,20.456705249672012
2,Gas Boiler,17.056562207241075
3,Freezer,25.07644369203544
4,Washing Machine & Microwave & Breadmaker,16.152096432573106
