,Appliance,Average
0,TV & DVD Digibox & Lamp,13.188460430474253
1,Kettle & Radio,15.024280869193952
2,Gas Boiler,17.95110200232476
3,Freezer,33.08932188655598
4,Washing Machine & Microwave & Breadmaker,1.9243528018188012
