,Appliance,Average
0,TV & DVD Digibox & Lamp,13.409082951101954
1,Kettle & Radio,12.219159383973096
2,Gas Boiler,26.209293089589888
3,Freezer,26.766058764712927
4,Washing Machine & Microwave & Breadmaker,13.668661557842652
