,Appliance,Average
0,TV & DVD Digibox & Lamp,18.14356525993555
1,Kettle & Radio,16.07891975552829
2,Gas Boiler,35.58113052237828
3,Freezer,29.1416034912247
4,Washing Machine & Microwave & Breadmaker,17.471391904074
