,Appliance,Average
0,TV & DVD Digibox & Lamp,14.7904681672756
1,Kettle & Radio,7.995498401613998
2,Gas Boiler,14.687887024350841
3,Freezer,25.491106600946825
4,Washing Machine & Microwave & Breadmaker,1.9177672393946932
