,Appliance,CO,FHMM,GT,XGBOOST
0,Kettle,"141.55414012738854, 80.75396825396825, 456.6376984126984, 128.1809523809524, 218.2566866267465, 155.24404761904762, 221.80851063829786","156.57827690244721, 92.52063492063492, 303.68055555555554, 139.47202380952382, 250.65808383233534, 153.22083333333333, 324.8191489361702","4.632292620895088, 3.221506363779779, 6.539930099962397, 5.412477133722286, 8.49614301462873, 10.802425155095229, 40.05409296212766","4.938676308605909, 3.507636054421768, 7.015272108843537, 6.4306660997732425, 5.846060090702948, 4.092242063492062, 0.0"
1,Electric Heater,"68.54374790479383, 46.62519841269841, 321.7309523809524, 80.71765873015873, 150.43992015968064, 135.81686507936507, 93.68617021276596","81.73717733825008, 51.46111111111111, 258.440873015873, 100.87301587301587, 168.95409181636725, 165.08928571428572, 103.11702127659575","39.78954074163592, 2.115301796309522, 164.09205463470244, 7.650267335198422, 41.41306649471056, 73.6380466631746, 2.0037234042553194","25.879935275723042, 0.0, 184.67618368770871, 10.693300150931526, 35.25898968685522, 95.9506932461961, 9.218992945722693"
2,Laptop,"71.48709353000335, 34.836507936507935, 73.92321428571428, 74.65376984126983, 119.0001996007984, 88.89861111111111, 246.0","44.82701977874623, 22.6375, 323.0488095238095, 47.01984126984127, 73.35888223552894, 70.80297619047619, 149.45212765957447","11.201624105792776, 3.675088763440419, 12.820689580609349, 41.9913640509538, 10.735393830655216, 37.30150600399871, 0.04678051515957442","0.0, 0.0, 0.0, 5.202694326211827, 0.0, 1.3006735815529566, 0.0"
3,Projector,"146.01139792155547, 144.44444444444446, 155.11269841269842, 157.0265873015873, 158.90878243512975, 183.32321428571427, 181.17021276595744","140.0506201810258, 137.03571428571428, 127.01785714285714, 150.49285714285713, 154.06706586826348, 173.5875, 162.14361702127658","19.90910301910829, 15.906733501190466, 28.772487283650793, 4.989465850251985, 12.46478516047904, 14.652255636111107, 41.25267356914893","17.88507330591617, 15.279595275105757, 24.907177250956106, 9.53178514026973, 9.914972482592132, 13.74684590581615, 0.0"