,Appliance,Accuracy,Precision,Recall,F1
0,Kettle,0.76366395,0.645833333,0.01379822,0.027019175
1,Electric Heater,0.91298825,0.847785978,0.285403727,0.42704461
2,Laptop,0.523093751,0.484526112,0.111997019,0.181939233
3,Projector,0.151123814,0.519112789,0.04556941,0.08378399
