,Appliance,Accuracy,Precision,Recall,F1
0,Kettle,0.005080978,1,0.005080978,0.010110585
1,Electric Heater,0.038248474,1,0.038248474,0.073678845
2,Laptop,0.513143502,0.652804642,0.137325376,0.226916181
3,Projector,0.166260894,0.474280321,0.042729592,0.078396193
