Appliance,Accuracy,Precision,Recall,F1
Kettle,0.9952720344365253,0.5184801357274141,0.5105141991158131,0.5133078775930536
Electric Heater,0.9618234422411968,0.6569215942543225,0.7051999221241607,0.67743863969466
Laptop,0.988285936066615,0.49428248747088305,0.4998572346348776,0.4970542305508234
Projector,0.9298567497000917,0.6144847260372447,0.6167486171815196,0.615602296588127