antecedents,consequents,antecedent support,consequent support,support,confidence,lift,leverage,conviction
frozenset({'06:30:00'}),frozenset({'channel_3'}),1.0,0.12903225806451613,0.12903225806451613,0.12903225806451613,1.0,0.0,1.0
frozenset({'06:30:00'}),frozenset({'channel_4'}),1.0,0.3978494623655914,0.3978494623655914,0.3978494623655914,1.0,0.0,1.0
frozenset({'06:30:00'}),frozenset({'channel_5'}),1.0,0.3817204301075269,0.3817204301075269,0.3817204301075269,1.0,0.0,1.0
frozenset({'06:30:00'}),"frozenset({'channel_3', 'channel_4'})",1.0,0.06989247311827956,0.06989247311827956,0.06989247311827956,1.0,0.0,1.0
frozenset({'06:30:00'}),"frozenset({'channel_4', 'channel_5'})",1.0,0.1774193548387097,0.1774193548387097,0.1774193548387097,1.0,0.0,1.0
