antecedents,consequents,antecedent support,consequent support,support,confidence,lift,leverage,conviction
frozenset({'07:30:00'}),frozenset({'channel_3'}),1.0,0.05913978494623656,0.05913978494623656,0.05913978494623656,1.0,0.0,1.0
frozenset({'07:30:00'}),frozenset({'channel_4'}),1.0,0.26344086021505375,0.26344086021505375,0.26344086021505375,1.0,0.0,1.0
frozenset({'07:30:00'}),frozenset({'channel_5'}),1.0,0.3387096774193548,0.3387096774193548,0.3387096774193548,1.0,0.0,1.0
frozenset({'07:30:00'}),frozenset({'channel_6'}),1.0,0.053763440860215055,0.053763440860215055,0.053763440860215055,1.0,0.0,1.0
frozenset({'07:30:00'}),"frozenset({'channel_4', 'channel_5'})",1.0,0.0913978494623656,0.0913978494623656,0.0913978494623656,1.0,0.0,1.0
