antecedents,consequents,antecedent support,consequent support,support,confidence,lift,leverage,conviction
frozenset({'08:00:00'}),frozenset({'channel_4'}),1.0,0.15591397849462366,0.15591397849462366,0.15591397849462366,1.0,0.0,1.0
frozenset({'08:00:00'}),frozenset({'channel_5'}),1.0,0.3870967741935484,0.3870967741935484,0.3870967741935484,1.0,0.0,1.0
frozenset({'08:00:00'}),"frozenset({'channel_4', 'channel_5'})",1.0,0.07526881720430108,0.07526881720430108,0.07526881720430108,1.0,0.0,1.0
