antecedents,consequents,antecedent support,consequent support,support,confidence,lift,leverage,conviction
frozenset({'09:30:00'}),frozenset({'channel_3'}),1.0,0.12365591397849462,0.12365591397849462,0.12365591397849462,1.0,0.0,1.0
frozenset({'09:30:00'}),frozenset({'channel_4'}),1.0,0.14516129032258066,0.14516129032258066,0.14516129032258066,1.0,0.0,1.0
frozenset({'09:30:00'}),frozenset({'channel_5'}),1.0,0.3333333333333333,0.3333333333333333,0.3333333333333333,1.0,0.0,1.0
frozenset({'09:30:00'}),"frozenset({'channel_3', 'channel_5'})",1.0,0.06989247311827956,0.06989247311827956,0.06989247311827956,1.0,0.0,1.0
frozenset({'09:30:00'}),"frozenset({'channel_4', 'channel_5'})",1.0,0.05913978494623656,0.05913978494623656,0.05913978494623656,1.0,0.0,1.0
