antecedents,consequents,antecedent support,consequent support,support,confidence,lift,leverage,conviction
frozenset({'11:30:00'}),frozenset({'channel_3'}),1.0,0.053763440860215055,0.053763440860215055,0.053763440860215055,1.0,0.0,1.0
frozenset({'11:30:00'}),frozenset({'channel_4'}),1.0,0.05913978494623656,0.05913978494623656,0.05913978494623656,1.0,0.0,1.0
frozenset({'11:30:00'}),frozenset({'channel_5'}),1.0,0.41397849462365593,0.41397849462365593,0.41397849462365593,1.0,0.0,1.0
