antecedents,consequents,antecedent support,consequent support,support,confidence,lift,leverage,conviction
frozenset({'12:30:00'}),frozenset({'channel_3'}),1.0,0.07526881720430108,0.07526881720430108,0.07526881720430108,1.0,0.0,1.0
frozenset({'12:30:00'}),frozenset({'channel_4'}),1.0,0.08602150537634409,0.08602150537634409,0.08602150537634409,1.0,0.0,1.0
frozenset({'12:30:00'}),frozenset({'channel_5'}),1.0,0.42473118279569894,0.42473118279569894,0.42473118279569894,1.0,0.0,1.0
frozenset({'12:30:00'}),"frozenset({'channel_3', 'channel_5'})",1.0,0.053763440860215055,0.053763440860215055,0.053763440860215055,1.0,0.0,1.0
frozenset({'12:30:00'}),"frozenset({'channel_4', 'channel_5'})",1.0,0.06451612903225806,0.06451612903225806,0.06451612903225806,1.0,0.0,1.0
