antecedents,consequents,antecedent support,consequent support,support,confidence,lift,leverage,conviction
frozenset({'14:30:00'}),frozenset({'channel_3'}),1.0,0.08602150537634409,0.08602150537634409,0.08602150537634409,1.0,0.0,1.0
frozenset({'14:30:00'}),frozenset({'channel_4'}),1.0,0.13440860215053763,0.13440860215053763,0.13440860215053763,1.0,0.0,1.0
frozenset({'14:30:00'}),frozenset({'channel_5'}),1.0,0.3978494623655914,0.3978494623655914,0.3978494623655914,1.0,0.0,1.0
frozenset({'14:30:00'}),"frozenset({'channel_4', 'channel_5'})",1.0,0.08602150537634409,0.08602150537634409,0.08602150537634409,1.0,0.0,1.0
