antecedents,consequents,antecedent support,consequent support,support,confidence,lift,leverage,conviction
frozenset({'17:30:00'}),frozenset({'channel_2'}),1.0,0.06989247311827956,0.06989247311827956,0.06989247311827956,1.0,0.0,1.0
frozenset({'17:30:00'}),frozenset({'channel_3'}),1.0,0.053763440860215055,0.053763440860215055,0.053763440860215055,1.0,0.0,1.0
frozenset({'17:30:00'}),frozenset({'channel_4'}),1.0,0.2956989247311828,0.2956989247311828,0.2956989247311828,1.0,0.0,1.0
frozenset({'17:30:00'}),frozenset({'channel_5'}),1.0,0.478494623655914,0.478494623655914,0.478494623655914,1.0,0.0,1.0
frozenset({'17:30:00'}),"frozenset({'channel_4', 'channel_5'})",1.0,0.17204301075268819,0.17204301075268819,0.17204301075268819,1.0,0.0,1.0
