antecedents,consequents,antecedent support,consequent support,support,confidence,lift,leverage,conviction
frozenset({'18:30:00'}),frozenset({'channel_2'}),1.0,0.10215053763440861,0.10215053763440861,0.10215053763440861,1.0,0.0,1.0
frozenset({'18:30:00'}),frozenset({'channel_3'}),1.0,0.06451612903225806,0.06451612903225806,0.06451612903225806,1.0,0.0,1.0
frozenset({'18:30:00'}),frozenset({'channel_4'}),1.0,0.2956989247311828,0.2956989247311828,0.2956989247311828,1.0,0.0,1.0
frozenset({'18:30:00'}),frozenset({'channel_5'}),1.0,0.41935483870967744,0.41935483870967744,0.41935483870967744,1.0,0.0,1.0
frozenset({'18:30:00'}),"frozenset({'channel_2', 'channel_4'})",1.0,0.053763440860215055,0.053763440860215055,0.053763440860215055,1.0,0.0,1.0
frozenset({'18:30:00'}),"frozenset({'channel_4', 'channel_5'})",1.0,0.16129032258064516,0.16129032258064516,0.16129032258064516,1.0,0.0,1.0
