antecedents,consequents,antecedent support,consequent support,support,confidence,lift,leverage,conviction
frozenset({'19:30:00'}),frozenset({'channel_2'}),1.0,0.17204301075268819,0.17204301075268819,0.17204301075268819,1.0,0.0,1.0
frozenset({'19:30:00'}),frozenset({'channel_3'}),1.0,0.0913978494623656,0.0913978494623656,0.0913978494623656,1.0,0.0,1.0
frozenset({'19:30:00'}),frozenset({'channel_4'}),1.0,0.3010752688172043,0.3010752688172043,0.3010752688172043,1.0,0.0,1.0
frozenset({'19:30:00'}),frozenset({'channel_5'}),1.0,0.3978494623655914,0.3978494623655914,0.3978494623655914,1.0,0.0,1.0
frozenset({'19:30:00'}),"frozenset({'channel_2', 'channel_4'})",1.0,0.08064516129032258,0.08064516129032258,0.08064516129032258,1.0,0.0,1.0
frozenset({'19:30:00'}),"frozenset({'channel_2', 'channel_5'})",1.0,0.10752688172043011,0.10752688172043011,0.10752688172043011,1.0,0.0,1.0
frozenset({'19:30:00'}),"frozenset({'channel_3', 'channel_5'})",1.0,0.053763440860215055,0.053763440860215055,0.053763440860215055,1.0,0.0,1.0
frozenset({'19:30:00'}),"frozenset({'channel_4', 'channel_5'})",1.0,0.13978494623655913,0.13978494623655913,0.13978494623655913,1.0,0.0,1.0
