antecedents,consequents,antecedent support,consequent support,support,confidence,lift,leverage,conviction
frozenset({'20:00:00'}),frozenset({'channel_2'}),1.0,0.1989247311827957,0.1989247311827957,0.1989247311827957,1.0,0.0,1.0
frozenset({'20:00:00'}),frozenset({'channel_3'}),1.0,0.08602150537634409,0.08602150537634409,0.08602150537634409,1.0,0.0,1.0
frozenset({'20:00:00'}),frozenset({'channel_4'}),1.0,0.26881720430107525,0.26881720430107525,0.26881720430107525,1.0,0.0,1.0
frozenset({'20:00:00'}),frozenset({'channel_5'}),1.0,0.4032258064516129,0.4032258064516129,0.4032258064516129,1.0,0.0,1.0
frozenset({'20:00:00'}),"frozenset({'channel_2', 'channel_4'})",1.0,0.10215053763440861,0.10215053763440861,0.10215053763440861,1.0,0.0,1.0
frozenset({'20:00:00'}),"frozenset({'channel_2', 'channel_5'})",1.0,0.0967741935483871,0.0967741935483871,0.0967741935483871,1.0,0.0,1.0
frozenset({'20:00:00'}),"frozenset({'channel_3', 'channel_5'})",1.0,0.05913978494623656,0.05913978494623656,0.05913978494623656,1.0,0.0,1.0
frozenset({'20:00:00'}),"frozenset({'channel_4', 'channel_5'})",1.0,0.13440860215053763,0.13440860215053763,0.13440860215053763,1.0,0.0,1.0
