antecedents,consequents,antecedent support,consequent support,support,confidence,lift,leverage,conviction
frozenset({'20:30:00'}),frozenset({'channel_2'}),1.0,0.22580645161290322,0.22580645161290322,0.22580645161290322,1.0,0.0,1.0
frozenset({'20:30:00'}),frozenset({'channel_3'}),1.0,0.06451612903225806,0.06451612903225806,0.06451612903225806,1.0,0.0,1.0
frozenset({'20:30:00'}),frozenset({'channel_4'}),1.0,0.3118279569892473,0.3118279569892473,0.3118279569892473,1.0,0.0,1.0
frozenset({'20:30:00'}),frozenset({'channel_5'}),1.0,0.3870967741935484,0.3870967741935484,0.3870967741935484,1.0,0.0,1.0
frozenset({'20:30:00'}),"frozenset({'channel_2', 'channel_4'})",1.0,0.11827956989247312,0.11827956989247312,0.11827956989247312,1.0,0.0,1.0
frozenset({'20:30:00'}),"frozenset({'channel_2', 'channel_5'})",1.0,0.10215053763440861,0.10215053763440861,0.10215053763440861,1.0,0.0,1.0
frozenset({'20:30:00'}),"frozenset({'channel_5', 'channel_4'})",1.0,0.15053763440860216,0.15053763440860216,0.15053763440860216,1.0,0.0,1.0
