antecedents,consequents,antecedent support,consequent support,support,confidence,lift,leverage,conviction
frozenset({'21:30:00'}),frozenset({'channel_2'}),1.0,0.15591397849462366,0.15591397849462366,0.15591397849462366,1.0,0.0,1.0
frozenset({'21:30:00'}),frozenset({'channel_3'}),1.0,0.05913978494623656,0.05913978494623656,0.05913978494623656,1.0,0.0,1.0
frozenset({'21:30:00'}),frozenset({'channel_4'}),1.0,0.1989247311827957,0.1989247311827957,0.1989247311827957,1.0,0.0,1.0
frozenset({'21:30:00'}),frozenset({'channel_5'}),1.0,0.3817204301075269,0.3817204301075269,0.3817204301075269,1.0,0.0,1.0
frozenset({'21:30:00'}),"frozenset({'channel_2', 'channel_4'})",1.0,0.08064516129032258,0.08064516129032258,0.08064516129032258,1.0,0.0,1.0
frozenset({'21:30:00'}),"frozenset({'channel_2', 'channel_5'})",1.0,0.06451612903225806,0.06451612903225806,0.06451612903225806,1.0,0.0,1.0
frozenset({'21:30:00'}),"frozenset({'channel_4', 'channel_5'})",1.0,0.07526881720430108,0.07526881720430108,0.07526881720430108,1.0,0.0,1.0
