,Appliance,Average
0,Kettle,5.2815667117361835
1,Electric Heater,137.47392226462145
2,Laptop,32.51316200618982
3,Projector,3.5107202240308046
