,Appliance,Average
0,Kettle,15.217628333932408
1,Electric Heater,1.8992694970134665
2,Laptop,51.86090558982865
3,Projector,0.0
