,Appliance,Average
0,Kettle,3.21325351123827
1,Electric Heater,26.178975695079043
2,Laptop,21.211093180209417
3,Projector,1.8594074844074844
