,Appliance,Average
0,Kettle,7.694907341818257
1,Electric Heater,54.926691225265564
2,Laptop,38.13486121456261
3,Projector,6.554019991308127
