,Appliance,Average
0,Kettle,12.418677346725746
1,Electric Heater,1.9501129327645963
2,Laptop,3.38599718622663
3,Projector,8.023659673659674
