,Appliance,Average
0,Kettle,19.174579539655614
1,Electric Heater,1.951051932577659
2,Laptop,4.365598852331337
3,Projector,52.3566892544652
