,Appliance,Average
0,Kettle,17.89888248735212
1,Electric Heater,1.901618583941439
2,Laptop,3.8495442879455744
3,Projector,63.44118954049005
