antecedents,consequents,antecedent support,consequent support,support,confidence,lift,leverage,conviction
frozenset({'05:30:00'}),frozenset({'channel_3'}),1.0,0.12365591397849462,0.12365591397849462,0.12365591397849462,1.0,0.0,1.0
frozenset({'05:30:00'}),frozenset({'channel_4'}),1.0,0.3172043010752688,0.3172043010752688,0.3172043010752688,1.0,0.0,1.0
frozenset({'05:30:00'}),frozenset({'channel_5'}),1.0,0.3870967741935484,0.3870967741935484,0.3870967741935484,1.0,0.0,1.0
frozenset({'05:30:00'}),"frozenset({'channel_3', 'channel_5'})",1.0,0.06989247311827956,0.06989247311827956,0.06989247311827956,1.0,0.0,1.0
frozenset({'05:30:00'}),"frozenset({'channel_4', 'channel_5'})",1.0,0.13440860215053763,0.13440860215053763,0.13440860215053763,1.0,0.0,1.0
