antecedents,consequents,antecedent support,consequent support,support,confidence,lift,leverage,conviction
frozenset({'10:00:00'}),frozenset({'channel_3'}),1.0,0.08064516129032258,0.08064516129032258,0.08064516129032258,1.0,0.0,1.0
frozenset({'10:00:00'}),frozenset({'channel_4'}),1.0,0.13440860215053763,0.13440860215053763,0.13440860215053763,1.0,0.0,1.0
frozenset({'10:00:00'}),frozenset({'channel_5'}),1.0,0.3225806451612903,0.3225806451612903,0.3225806451612903,1.0,0.0,1.0
frozenset({'10:00:00'}),"frozenset({'channel_3', 'channel_4'})",1.0,0.053763440860215055,0.053763440860215055,0.053763440860215055,1.0,0.0,1.0
frozenset({'10:00:00'}),"frozenset({'channel_5', 'channel_4'})",1.0,0.06451612903225806,0.06451612903225806,0.06451612903225806,1.0,0.0,1.0
