antecedents,consequents,antecedent support,consequent support,support,confidence,lift,leverage,conviction
frozenset({'11:00:00'}),frozenset({'channel_3'}),1.0,0.07526881720430108,0.07526881720430108,0.07526881720430108,1.0,0.0,1.0
frozenset({'11:00:00'}),frozenset({'channel_4'}),1.0,0.05913978494623656,0.05913978494623656,0.05913978494623656,1.0,0.0,1.0
frozenset({'11:00:00'}),frozenset({'channel_5'}),1.0,0.40860215053763443,0.40860215053763443,0.40860215053763443,1.0,0.0,1.0
