antecedents,consequents,antecedent support,consequent support,support,confidence,lift,leverage,conviction
frozenset({'13:30:00'}),frozenset({'channel_3'}),1.0,0.053763440860215055,0.053763440860215055,0.053763440860215055,1.0,0.0,1.0
frozenset({'13:30:00'}),frozenset({'channel_4'}),1.0,0.14516129032258066,0.14516129032258066,0.14516129032258066,1.0,0.0,1.0
frozenset({'13:30:00'}),frozenset({'channel_5'}),1.0,0.41935483870967744,0.41935483870967744,0.41935483870967744,1.0,0.0,1.0
frozenset({'13:30:00'}),"frozenset({'channel_4', 'channel_5'})",1.0,0.07526881720430108,0.07526881720430108,0.07526881720430108,1.0,0.0,1.0
