antecedents,consequents,antecedent support,consequent support,support,confidence,lift,leverage,conviction
frozenset({'14:00:00'}),frozenset({'channel_3'}),1.0,0.11290322580645161,0.11290322580645161,0.11290322580645161,1.0,0.0,1.0
frozenset({'14:00:00'}),frozenset({'channel_4'}),1.0,0.12365591397849462,0.12365591397849462,0.12365591397849462,1.0,0.0,1.0
frozenset({'14:00:00'}),frozenset({'channel_5'}),1.0,0.46774193548387094,0.46774193548387094,0.46774193548387094,1.0,0.0,1.0
frozenset({'14:00:00'}),"frozenset({'channel_3', 'channel_5'})",1.0,0.08064516129032258,0.08064516129032258,0.08064516129032258,1.0,0.0,1.0
frozenset({'14:00:00'}),"frozenset({'channel_4', 'channel_5'})",1.0,0.053763440860215055,0.053763440860215055,0.053763440860215055,1.0,0.0,1.0
