antecedents,consequents,antecedent support,consequent support,support,confidence,lift,leverage,conviction
frozenset({'15:00:00'}),frozenset({'channel_3'}),1.0,0.05913978494623656,0.05913978494623656,0.05913978494623656,1.0,0.0,1.0
frozenset({'15:00:00'}),frozenset({'channel_4'}),1.0,0.12365591397849462,0.12365591397849462,0.12365591397849462,1.0,0.0,1.0
frozenset({'15:00:00'}),frozenset({'channel_5'}),1.0,0.4838709677419355,0.4838709677419355,0.4838709677419355,1.0,0.0,1.0
frozenset({'15:00:00'}),"frozenset({'channel_4', 'channel_5'})",1.0,0.08064516129032258,0.08064516129032258,0.08064516129032258,1.0,0.0,1.0
