antecedents,consequents,antecedent support,consequent support,support,confidence,lift,leverage,conviction
frozenset({'19:00:00'}),frozenset({'channel_2'}),1.0,0.12903225806451613,0.12903225806451613,0.12903225806451613,1.0,0.0,1.0
frozenset({'19:00:00'}),frozenset({'channel_4'}),1.0,0.3118279569892473,0.3118279569892473,0.3118279569892473,1.0,0.0,1.0
frozenset({'19:00:00'}),frozenset({'channel_5'}),1.0,0.43548387096774194,0.43548387096774194,0.43548387096774194,1.0,0.0,1.0
frozenset({'19:00:00'}),"frozenset({'channel_2', 'channel_4'})",1.0,0.06989247311827956,0.06989247311827956,0.06989247311827956,1.0,0.0,1.0
frozenset({'19:00:00'}),"frozenset({'channel_2', 'channel_5'})",1.0,0.07526881720430108,0.07526881720430108,0.07526881720430108,1.0,0.0,1.0
frozenset({'19:00:00'}),"frozenset({'channel_4', 'channel_5'})",1.0,0.15591397849462366,0.15591397849462366,0.15591397849462366,1.0,0.0,1.0
