antecedents,consequents,antecedent support,consequent support,support,confidence,lift,leverage,conviction
frozenset({'21:00:00'}),frozenset({'channel_2'}),1.0,0.24731182795698925,0.24731182795698925,0.24731182795698925,1.0,0.0,1.0
frozenset({'21:00:00'}),frozenset({'channel_3'}),1.0,0.06451612903225806,0.06451612903225806,0.06451612903225806,1.0,0.0,1.0
frozenset({'21:00:00'}),frozenset({'channel_4'}),1.0,0.22043010752688172,0.22043010752688172,0.22043010752688172,1.0,0.0,1.0
frozenset({'21:00:00'}),frozenset({'channel_5'}),1.0,0.3817204301075269,0.3817204301075269,0.3817204301075269,1.0,0.0,1.0
frozenset({'21:00:00'}),"frozenset({'channel_2', 'channel_4'})",1.0,0.0967741935483871,0.0967741935483871,0.0967741935483871,1.0,0.0,1.0
frozenset({'21:00:00'}),"frozenset({'channel_2', 'channel_5'})",1.0,0.12365591397849462,0.12365591397849462,0.12365591397849462,1.0,0.0,1.0
frozenset({'21:00:00'}),"frozenset({'channel_4', 'channel_5'})",1.0,0.08602150537634409,0.08602150537634409,0.08602150537634409,1.0,0.0,1.0
