antecedents,consequents,antecedent support,consequent support,support,confidence,lift,leverage,conviction
frozenset({'22:00:00'}),frozenset({'channel_2'}),1.0,0.13978494623655913,0.13978494623655913,0.13978494623655913,1.0,0.0,1.0
frozenset({'22:00:00'}),frozenset({'channel_4'}),1.0,0.10215053763440861,0.10215053763440861,0.10215053763440861,1.0,0.0,1.0
frozenset({'22:00:00'}),frozenset({'channel_5'}),1.0,0.3387096774193548,0.3387096774193548,0.3387096774193548,1.0,0.0,1.0
frozenset({'22:00:00'}),"frozenset({'channel_2', 'channel_4'})",1.0,0.06989247311827956,0.06989247311827956,0.06989247311827956,1.0,0.0,1.0
frozenset({'22:00:00'}),"frozenset({'channel_2', 'channel_5'})",1.0,0.06989247311827956,0.06989247311827956,0.06989247311827956,1.0,0.0,1.0
