antecedents,consequents,antecedent support,consequent support,support,confidence,lift,leverage,conviction
frozenset({'22:30:00'}),frozenset({'channel_2'}),1.0,0.08602150537634409,0.08602150537634409,0.08602150537634409,1.0,0.0,1.0
frozenset({'22:30:00'}),frozenset({'channel_4'}),1.0,0.0967741935483871,0.0967741935483871,0.0967741935483871,1.0,0.0,1.0
frozenset({'22:30:00'}),frozenset({'channel_5'}),1.0,0.34946236559139787,0.34946236559139787,0.34946236559139787,1.0,0.0,1.0
