antecedents,consequents,antecedent support,consequent support,support,confidence,lift,leverage,conviction
frozenset({'03:00:00'}),frozenset({'channel_4'}),1.0,0.18840579710144928,0.18840579710144928,0.18840579710144928,1.0,0.0,1.0
frozenset({'03:00:00'}),frozenset({'channel_5'}),1.0,0.2608695652173913,0.2608695652173913,0.2608695652173913,1.0,0.0,1.0
frozenset({'03:00:00'}),"frozenset({'channel_4', 'channel_5'})",1.0,0.06280193236714976,0.06280193236714976,0.06280193236714976,1.0,0.0,1.0
