antecedents,consequents,antecedent support,consequent support,support,confidence,lift,leverage,conviction
frozenset({'07:30:00'}),frozenset({'channel_3'}),1.0,0.0821256038647343,0.0821256038647343,0.0821256038647343,1.0,0.0,1.0
frozenset({'07:30:00'}),frozenset({'channel_4'}),1.0,0.27053140096618356,0.27053140096618356,0.27053140096618356,1.0,0.0,1.0
frozenset({'07:30:00'}),frozenset({'channel_5'}),1.0,0.34782608695652173,0.34782608695652173,0.34782608695652173,1.0,0.0,1.0
frozenset({'07:30:00'}),frozenset({'channel_6'}),1.0,0.05314009661835749,0.05314009661835749,0.05314009661835749,1.0,0.0,1.0
frozenset({'07:30:00'}),"frozenset({'channel_4', 'channel_3'})",1.0,0.043478260869565216,0.043478260869565216,0.043478260869565216,1.0,0.0,1.0
frozenset({'07:30:00'}),"frozenset({'channel_3', 'channel_5'})",1.0,0.043478260869565216,0.043478260869565216,0.043478260869565216,1.0,0.0,1.0
frozenset({'07:30:00'}),"frozenset({'channel_4', 'channel_5'})",1.0,0.10628019323671498,0.10628019323671498,0.10628019323671498,1.0,0.0,1.0
frozenset({'07:30:00'}),"frozenset({'channel_6', 'channel_5'})",1.0,0.024154589371980676,0.024154589371980676,0.024154589371980676,1.0,0.0,1.0
frozenset({'07:30:00'}),"frozenset({'channel_4', 'channel_3', 'channel_5'})",1.0,0.024154589371980676,0.024154589371980676,0.024154589371980676,1.0,0.0,1.0
