antecedents,consequents,antecedent support,consequent support,support,confidence,lift,leverage,conviction
frozenset({'09:30:00'}),frozenset({'channel_3'}),1.0,0.11594202898550725,0.11594202898550725,0.11594202898550725,1.0,0.0,1.0
frozenset({'09:30:00'}),frozenset({'channel_4'}),1.0,0.13043478260869565,0.13043478260869565,0.13043478260869565,1.0,0.0,1.0
frozenset({'09:30:00'}),frozenset({'channel_5'}),1.0,0.34782608695652173,0.34782608695652173,0.34782608695652173,1.0,0.0,1.0
frozenset({'09:30:00'}),"frozenset({'channel_4', 'channel_3'})",1.0,0.024154589371980676,0.024154589371980676,0.024154589371980676,1.0,0.0,1.0
frozenset({'09:30:00'}),"frozenset({'channel_3', 'channel_5'})",1.0,0.06763285024154589,0.06763285024154589,0.06763285024154589,1.0,0.0,1.0
frozenset({'09:30:00'}),"frozenset({'channel_4', 'channel_5'})",1.0,0.05314009661835749,0.05314009661835749,0.05314009661835749,1.0,0.0,1.0
