antecedents,consequents,antecedent support,consequent support,support,confidence,lift,leverage,conviction
frozenset({'10:00:00'}),frozenset({'channel_3'}),1.0,0.0821256038647343,0.0821256038647343,0.0821256038647343,1.0,0.0,1.0
frozenset({'10:00:00'}),frozenset({'channel_4'}),1.0,0.12077294685990338,0.12077294685990338,0.12077294685990338,1.0,0.0,1.0
frozenset({'10:00:00'}),frozenset({'channel_5'}),1.0,0.3285024154589372,0.3285024154589372,0.3285024154589372,1.0,0.0,1.0
frozenset({'10:00:00'}),"frozenset({'channel_4', 'channel_3'})",1.0,0.04830917874396135,0.04830917874396135,0.04830917874396135,1.0,0.0,1.0
frozenset({'10:00:00'}),"frozenset({'channel_3', 'channel_5'})",1.0,0.028985507246376812,0.028985507246376812,0.028985507246376812,1.0,0.0,1.0
frozenset({'10:00:00'}),"frozenset({'channel_4', 'channel_5'})",1.0,0.057971014492753624,0.057971014492753624,0.057971014492753624,1.0,0.0,1.0
