antecedents,consequents,antecedent support,consequent support,support,confidence,lift,leverage,conviction
frozenset({'10:30:00'}),frozenset({'channel_3'}),1.0,0.08695652173913043,0.08695652173913043,0.08695652173913043,1.0,0.0,1.0
frozenset({'10:30:00'}),frozenset({'channel_4'}),1.0,0.12560386473429952,0.12560386473429952,0.12560386473429952,1.0,0.0,1.0
frozenset({'10:30:00'}),frozenset({'channel_5'}),1.0,0.42995169082125606,0.42995169082125606,0.42995169082125606,1.0,0.0,1.0
frozenset({'10:30:00'}),frozenset({'channel_6'}),1.0,0.033816425120772944,0.033816425120772944,0.033816425120772944,1.0,0.0,1.0
frozenset({'10:30:00'}),"frozenset({'channel_4', 'channel_3'})",1.0,0.033816425120772944,0.033816425120772944,0.033816425120772944,1.0,0.0,1.0
frozenset({'10:30:00'}),"frozenset({'channel_3', 'channel_5'})",1.0,0.057971014492753624,0.057971014492753624,0.057971014492753624,1.0,0.0,1.0
frozenset({'10:30:00'}),"frozenset({'channel_4', 'channel_5'})",1.0,0.06763285024154589,0.06763285024154589,0.06763285024154589,1.0,0.0,1.0
frozenset({'10:30:00'}),"frozenset({'channel_4', 'channel_3', 'channel_5'})",1.0,0.024154589371980676,0.024154589371980676,0.024154589371980676,1.0,0.0,1.0
