antecedents,consequents,antecedent support,consequent support,support,confidence,lift,leverage,conviction
frozenset({'11:30:00'}),frozenset({'channel_3'}),1.0,0.057971014492753624,0.057971014492753624,0.057971014492753624,1.0,0.0,1.0
frozenset({'11:30:00'}),frozenset({'channel_4'}),1.0,0.057971014492753624,0.057971014492753624,0.057971014492753624,1.0,0.0,1.0
frozenset({'11:30:00'}),frozenset({'channel_5'}),1.0,0.4251207729468599,0.4251207729468599,0.4251207729468599,1.0,0.0,1.0
frozenset({'11:30:00'}),"frozenset({'channel_3', 'channel_5'})",1.0,0.033816425120772944,0.033816425120772944,0.033816425120772944,1.0,0.0,1.0
frozenset({'11:30:00'}),"frozenset({'channel_4', 'channel_5'})",1.0,0.03864734299516908,0.03864734299516908,0.03864734299516908,1.0,0.0,1.0
