antecedents,consequents,antecedent support,consequent support,support,confidence,lift,leverage,conviction
frozenset({'12:00:00'}),frozenset({'channel_3'}),1.0,0.043478260869565216,0.043478260869565216,0.043478260869565216,1.0,0.0,1.0
frozenset({'12:00:00'}),frozenset({'channel_4'}),1.0,0.06280193236714976,0.06280193236714976,0.06280193236714976,1.0,0.0,1.0
frozenset({'12:00:00'}),frozenset({'channel_5'}),1.0,0.37681159420289856,0.37681159420289856,0.37681159420289856,1.0,0.0,1.0
frozenset({'12:00:00'}),"frozenset({'channel_3', 'channel_5'})",1.0,0.028985507246376812,0.028985507246376812,0.028985507246376812,1.0,0.0,1.0
frozenset({'12:00:00'}),"frozenset({'channel_4', 'channel_5'})",1.0,0.033816425120772944,0.033816425120772944,0.033816425120772944,1.0,0.0,1.0
