antecedents,consequents,antecedent support,consequent support,support,confidence,lift,leverage,conviction
frozenset({'13:00:00'}),frozenset({'channel_2'}),1.0,0.024154589371980676,0.024154589371980676,0.024154589371980676,1.0,0.0,1.0
frozenset({'13:00:00'}),frozenset({'channel_3'}),1.0,0.07246376811594203,0.07246376811594203,0.07246376811594203,1.0,0.0,1.0
frozenset({'13:00:00'}),frozenset({'channel_4'}),1.0,0.10628019323671498,0.10628019323671498,0.10628019323671498,1.0,0.0,1.0
frozenset({'13:00:00'}),frozenset({'channel_5'}),1.0,0.45410628019323673,0.45410628019323673,0.45410628019323673,1.0,0.0,1.0
frozenset({'13:00:00'}),"frozenset({'channel_3', 'channel_5'})",1.0,0.05314009661835749,0.05314009661835749,0.05314009661835749,1.0,0.0,1.0
frozenset({'13:00:00'}),"frozenset({'channel_4', 'channel_5'})",1.0,0.05314009661835749,0.05314009661835749,0.05314009661835749,1.0,0.0,1.0
