antecedents,consequents,antecedent support,consequent support,support,confidence,lift,leverage,conviction
frozenset({'13:30:00'}),frozenset({'channel_2'}),1.0,0.033816425120772944,0.033816425120772944,0.033816425120772944,1.0,0.0,1.0
frozenset({'13:30:00'}),frozenset({'channel_3'}),1.0,0.057971014492753624,0.057971014492753624,0.057971014492753624,1.0,0.0,1.0
frozenset({'13:30:00'}),frozenset({'channel_4'}),1.0,0.13526570048309178,0.13526570048309178,0.13526570048309178,1.0,0.0,1.0
frozenset({'13:30:00'}),frozenset({'channel_5'}),1.0,0.42028985507246375,0.42028985507246375,0.42028985507246375,1.0,0.0,1.0
frozenset({'13:30:00'}),"frozenset({'channel_3', 'channel_5'})",1.0,0.028985507246376812,0.028985507246376812,0.028985507246376812,1.0,0.0,1.0
frozenset({'13:30:00'}),"frozenset({'channel_4', 'channel_5'})",1.0,0.07246376811594203,0.07246376811594203,0.07246376811594203,1.0,0.0,1.0
