antecedents,consequents,antecedent support,consequent support,support,confidence,lift,leverage,conviction
frozenset({'14:00:00'}),frozenset({'channel_2'}),1.0,0.043478260869565216,0.043478260869565216,0.043478260869565216,1.0,0.0,1.0
frozenset({'14:00:00'}),frozenset({'channel_3'}),1.0,0.10144927536231885,0.10144927536231885,0.10144927536231885,1.0,0.0,1.0
frozenset({'14:00:00'}),frozenset({'channel_4'}),1.0,0.12077294685990338,0.12077294685990338,0.12077294685990338,1.0,0.0,1.0
frozenset({'14:00:00'}),frozenset({'channel_5'}),1.0,0.47342995169082125,0.47342995169082125,0.47342995169082125,1.0,0.0,1.0
frozenset({'14:00:00'}),"frozenset({'channel_5', 'channel_2'})",1.0,0.033816425120772944,0.033816425120772944,0.033816425120772944,1.0,0.0,1.0
frozenset({'14:00:00'}),"frozenset({'channel_4', 'channel_3'})",1.0,0.028985507246376812,0.028985507246376812,0.028985507246376812,1.0,0.0,1.0
frozenset({'14:00:00'}),"frozenset({'channel_3', 'channel_5'})",1.0,0.07246376811594203,0.07246376811594203,0.07246376811594203,1.0,0.0,1.0
frozenset({'14:00:00'}),"frozenset({'channel_4', 'channel_5'})",1.0,0.05314009661835749,0.05314009661835749,0.05314009661835749,1.0,0.0,1.0
