antecedents,consequents,antecedent support,consequent support,support,confidence,lift,leverage,conviction
frozenset({'15:00:00'}),frozenset({'channel_2'}),1.0,0.033816425120772944,0.033816425120772944,0.033816425120772944,1.0,0.0,1.0
frozenset({'15:00:00'}),frozenset({'channel_3'}),1.0,0.07246376811594203,0.07246376811594203,0.07246376811594203,1.0,0.0,1.0
frozenset({'15:00:00'}),frozenset({'channel_4'}),1.0,0.12077294685990338,0.12077294685990338,0.12077294685990338,1.0,0.0,1.0
frozenset({'15:00:00'}),frozenset({'channel_5'}),1.0,0.4975845410628019,0.4975845410628019,0.4975845410628019,1.0,0.0,1.0
frozenset({'15:00:00'}),"frozenset({'channel_3', 'channel_5'})",1.0,0.04830917874396135,0.04830917874396135,0.04830917874396135,1.0,0.0,1.0
frozenset({'15:00:00'}),"frozenset({'channel_4', 'channel_5'})",1.0,0.07729468599033816,0.07729468599033816,0.07729468599033816,1.0,0.0,1.0
