antecedents,consequents,antecedent support,consequent support,support,confidence,lift,leverage,conviction
frozenset({'17:30:00'}),frozenset({'channel_2'}),1.0,0.0821256038647343,0.0821256038647343,0.0821256038647343,1.0,0.0,1.0
frozenset({'17:30:00'}),frozenset({'channel_3'}),1.0,0.06280193236714976,0.06280193236714976,0.06280193236714976,1.0,0.0,1.0
frozenset({'17:30:00'}),frozenset({'channel_4'}),1.0,0.30434782608695654,0.30434782608695654,0.30434782608695654,1.0,0.0,1.0
frozenset({'17:30:00'}),frozenset({'channel_5'}),1.0,0.4830917874396135,0.4830917874396135,0.4830917874396135,1.0,0.0,1.0
frozenset({'17:30:00'}),"frozenset({'channel_4', 'channel_2'})",1.0,0.03864734299516908,0.03864734299516908,0.03864734299516908,1.0,0.0,1.0
frozenset({'17:30:00'}),"frozenset({'channel_5', 'channel_2'})",1.0,0.04830917874396135,0.04830917874396135,0.04830917874396135,1.0,0.0,1.0
frozenset({'17:30:00'}),"frozenset({'channel_4', 'channel_3'})",1.0,0.024154589371980676,0.024154589371980676,0.024154589371980676,1.0,0.0,1.0
frozenset({'17:30:00'}),"frozenset({'channel_3', 'channel_5'})",1.0,0.033816425120772944,0.033816425120772944,0.033816425120772944,1.0,0.0,1.0
frozenset({'17:30:00'}),"frozenset({'channel_4', 'channel_5'})",1.0,0.178743961352657,0.178743961352657,0.178743961352657,1.0,0.0,1.0
