,Appliance,Average
0,Kettle,6.307929920205616
1,Electric Heater,1.9000542579497055
2,Laptop,59.46032289352955
3,Projector,8.09960852950614
