,Appliance,Average
0,Kettle,9.710175879497626
1,Electric Heater,68.86723238268314
2,Laptop,58.80316675788698
3,Projector,0.6545900061258424
