,Appliance,Average
0,Kettle,11.626962889482437
1,Electric Heater,30.407973061418595
2,Laptop,3.70353130268026
3,Projector,3.3453224818412535
