,Appliance,Average
0,Kettle,22.360536729342687
1,Electric Heater,91.02720583480965
2,Laptop,6.338098627695911
3,Projector,53.83237045629729
