,Appliance,Average
0,Kettle,8.610124560532896
1,Electric Heater,1.902467478969826
2,Laptop,2.637201000880787
3,Projector,56.6923570793057
