,Appliance,Average
0,Kettle,16.63269333514223
1,Electric Heater,45.33691128074518
2,Laptop,78.58220089960601
3,Projector,3.264898923601995
