,Appliance,Average
0,Kettle,8.130574225253934
1,Electric Heater,1.899878809002097
2,Laptop,61.254323467399175
3,Projector,0.0
