,Appliance,Average
0,Kettle,0.8545057815242109
1,Electric Heater,1.8986613696728376
2,Laptop,2.4032577646879965
3,Projector,9.41428196377002
