,Appliance,Average
0,Kettle,14.0703392885025
1,Electric Heater,1.8997851691088556
2,Laptop,51.03775040332972
3,Projector,3.0732475715410867
