,Appliance,Average
0,Kettle,7.405582710695305
1,Electric Heater,1.8995203869831114
2,Laptop,58.23642945692745
3,Projector,5.7684169367900875
