,Appliance,Average
0,Kettle,6.529752731302395
1,Electric Heater,123.41403749021428
2,Laptop,13.09690442014942
3,Projector,21.808190446863136
