,Appliance,Average
0,Kettle,1.3973046413629295
1,Electric Heater,58.544205228852036
2,Laptop,7.919556352582303
3,Projector,12.89597495994985
