,Appliance,Average
0,Kettle,1.4932176074620038
1,Electric Heater,58.73253354400485
2,Laptop,7.231615946805884
3,Projector,12.919539249146757
