,Appliance,Average
0,Kettle,1.8885861146838585
1,Electric Heater,81.29908608046313
2,Laptop,6.522068128880742
3,Projector,12.882119349446262
