,Appliance,Average
0,Kettle,1.0275344759335154
1,Electric Heater,86.46858046629283
2,Laptop,5.782577288291093
3,Projector,12.958149915256206
