,Appliance,Average
0,Kettle,0.8519993808877956
1,Electric Heater,1.8990096419762357
2,Laptop,13.275827218077453
3,Projector,10.319856480266036
