,Appliance,Average
0,Kettle,3.1458648057952927
1,Electric Heater,1.846677132391418
2,Laptop,20.18844740199957
3,Projector,9.334440284989736
