,Appliance,Average
0,Kettle,14.131439747538158
1,Electric Heater,142.57209789021803
2,Laptop,6.832703841893353
3,Projector,50.016150366813484
