,Appliance,Accuracy,Precision,Recall,F1
0,Monitor,0.2779924663817163,0.30130983221557756,0.2161565984645847,0.2517268930084853
1,Server,0.6661787380213517,1.0,0.6661787380213517,0.7996485884971302
2,Kettle,0.9861428264730566,0.6875,0.6369485294117647,0.6612595419847328
3,Dish Washer,0.02583094248297129,1.0,0.02583094248297129,0.05036101254744533
4,Fridge,0.5247379823174659,1.0,0.5247379823174659,0.6882992204600438
