,Appliance,Average
0,TV & DVD Digibox & Lamp,11.561419620394396
1,Kettle & Radio,1.2728579677295586
2,Gas Boiler,6.244247085338074
3,Freezer,21.25148700193475
4,Washing Machine & Microwave & Breadmaker,2.1269988575079544
