,Appliance,Average
0,TV & DVD Digibox & Lamp,11.349002340859718
1,Kettle & Radio,1.7614840927389779
2,Gas Boiler,30.014831630338225
3,Freezer,24.552615430777273
4,Washing Machine & Microwave & Breadmaker,0.706428265843474
