,Appliance,Average
0,TV & DVD Digibox & Lamp,11.35614778054608
1,Kettle & Radio,23.14808616574637
2,Gas Boiler,44.307434959771705
3,Freezer,25.273251233210967
4,Washing Machine & Microwave & Breadmaker,30.185765685847485
