,Appliance,Average
0,TV & DVD Digibox & Lamp,12.230767131668697
1,Kettle & Radio,16.04322935190162
2,Gas Boiler,11.759460584328842
3,Freezer,27.095204734076017
4,Washing Machine & Microwave & Breadmaker,25.12882090842465
