,Appliance,Average
0,TV & DVD Digibox & Lamp,13.654245211557605
1,Kettle & Radio,21.803583059646314
2,Gas Boiler,17.57283780813811
3,Freezer,30.618036621063176
4,Washing Machine & Microwave & Breadmaker,7.930852812449962
