,Appliance,Average
0,TV & DVD Digibox & Lamp,13.854909210219239
1,Kettle & Radio,11.232065265211997
2,Gas Boiler,31.36563336552544
3,Freezer,31.52787178288527
4,Washing Machine & Microwave & Breadmaker,6.387674999595776
