,Appliance,Average
0,TV & DVD Digibox & Lamp,14.68059676879732
1,Kettle & Radio,17.689613093558158
2,Gas Boiler,45.0707278747924
3,Freezer,31.564295443608213
4,Washing Machine & Microwave & Breadmaker,22.528149597799924
