,Appliance,Average
0,TV & DVD Digibox & Lamp,15.035479172656839
1,Kettle & Radio,13.173149086135135
2,Gas Boiler,35.03782523982694
3,Freezer,32.3945367345449
4,Washing Machine & Microwave & Breadmaker,24.52142698617057
