,Appliance,Average
0,TV & DVD Digibox & Lamp,19.906425197995635
1,Kettle & Radio,13.059967104908305
2,Gas Boiler,36.450435046624705
3,Freezer,28.370757531378793
4,Washing Machine & Microwave & Breadmaker,11.082829428698469
