antecedents,consequents,antecedent support,consequent support,support,confidence,lift,leverage,conviction
frozenset({'11:00:00'}),frozenset({'channel_10'}),1.0,0.6783216783216783,0.6783216783216783,0.6783216783216783,1.0,0.0,1.0
frozenset({'11:00:00'}),frozenset({'channel_11'}),1.0,0.46853146853146854,0.46853146853146854,0.46853146853146854,1.0,0.0,1.0
frozenset({'11:00:00'}),frozenset({'channel_16'}),1.0,0.44755244755244755,0.44755244755244755,0.44755244755244755,1.0,0.0,1.0
frozenset({'11:00:00'}),frozenset({'channel_19'}),1.0,0.5524475524475524,0.5524475524475524,0.5524475524475524,1.0,0.0,1.0
frozenset({'11:00:00'}),frozenset({'channel_4'}),1.0,0.42657342657342656,0.42657342657342656,0.42657342657342656,1.0,0.0,1.0
frozenset({'11:00:00'}),frozenset({'channel_5'}),1.0,0.40559440559440557,0.40559440559440557,0.40559440559440557,1.0,0.0,1.0
frozenset({'11:00:00'}),frozenset({'channel_6'}),1.0,0.6783216783216783,0.6783216783216783,0.6783216783216783,1.0,0.0,1.0
frozenset({'11:00:00'}),"frozenset({'channel_10', 'channel_19'})",1.0,0.48951048951048953,0.48951048951048953,0.48951048951048953,1.0,0.0,1.0
frozenset({'11:00:00'}),"frozenset({'channel_16', 'channel_19'})",1.0,0.40559440559440557,0.40559440559440557,0.40559440559440557,1.0,0.0,1.0
