,Appliance,Average
0,TV & DVD Digibox & Lamp,11.584229223628684
1,Kettle & Radio,1.514197479971817
2,Gas Boiler,21.167391737555395
3,Freezer,20.616253706014536
4,Washing Machine & Microwave & Breadmaker,2.245063184565203
