,Appliance,Average
0,TV & DVD Digibox & Lamp,11.387648930604392
1,Kettle & Radio,0.5022241003646088
2,Gas Boiler,34.880893533280755
3,Freezer,24.96007539364906
4,Washing Machine & Microwave & Breadmaker,1.0324585081564162
