,Appliance,Average
0,TV & DVD Digibox & Lamp,11.345211623103486
1,Kettle & Radio,22.289749710345788
2,Gas Boiler,41.73407246290171
3,Freezer,21.807625259028033
4,Washing Machine & Microwave & Breadmaker,18.82597141895924
