,Appliance,Average
0,TV & DVD Digibox & Lamp,11.102156172140154
1,Kettle & Radio,22.663099516443932
2,Gas Boiler,40.10636014799061
3,Freezer,25.796012284283844
4,Washing Machine & Microwave & Breadmaker,47.58394488395368
