,Appliance,Average
0,TV & DVD Digibox & Lamp,11.154416078798185
1,Kettle & Radio,15.271518763667995
2,Gas Boiler,31.208945416272165
3,Freezer,25.67781670220476
4,Washing Machine & Microwave & Breadmaker,39.688558348882275
