,Appliance,Average
0,TV & DVD Digibox & Lamp,11.641737731826026
1,Kettle & Radio,11.69508391372645
2,Gas Boiler,22.46877547891255
3,Freezer,26.759398900691497
4,Washing Machine & Microwave & Breadmaker,33.90266746633466
