,Appliance,Average
0,TV & DVD Digibox & Lamp,11.902681664815729
1,Kettle & Radio,34.16459290098384
2,Gas Boiler,20.626226346130032
3,Freezer,26.047756388759733
4,Washing Machine & Microwave & Breadmaker,18.760267704203454
