,Appliance,Average
0,TV & DVD Digibox & Lamp,11.949560224857507
1,Kettle & Radio,11.593212102992842
2,Gas Boiler,11.801541317972045
3,Freezer,29.9753684141282
4,Washing Machine & Microwave & Breadmaker,28.18432382168492
