,Appliance,Average
0,TV & DVD Digibox & Lamp,11.940690398385769
1,Kettle & Radio,10.429329824133925
2,Gas Boiler,12.567610931151343
3,Freezer,27.992358630970198
4,Washing Machine & Microwave & Breadmaker,21.129128568934036
