,Appliance,Average
0,TV & DVD Digibox & Lamp,11.830810213751658
1,Kettle & Radio,16.29981095053202
2,Gas Boiler,13.539149835211074
3,Freezer,28.93919379153051
4,Washing Machine & Microwave & Breadmaker,28.572302086551552
