,Appliance,Average
0,TV & DVD Digibox & Lamp,12.28248749601015
1,Kettle & Radio,16.613760807648216
2,Gas Boiler,15.620781344740658
3,Freezer,30.24418701373655
4,Washing Machine & Microwave & Breadmaker,8.91500426534581
