,Appliance,Average
0,TV & DVD Digibox & Lamp,14.039567043515582
1,Kettle & Radio,16.13336452366187
2,Gas Boiler,48.12918557466835
3,Freezer,29.23467287602471
4,Washing Machine & Microwave & Breadmaker,21.287133790665752
