,Appliance,Average
0,TV & DVD Digibox & Lamp,16.385421967752777
1,Kettle & Radio,8.239792865957435
2,Gas Boiler,36.992409079008816
3,Freezer,29.640073218625
4,Washing Machine & Microwave & Breadmaker,8.060787263057048
