,Appliance,Average
0,TV & DVD Digibox & Lamp,22.47751290983346
1,Kettle & Radio,15.681881811500412
2,Gas Boiler,35.70098092308048
3,Freezer,28.359275575047633
4,Washing Machine & Microwave & Breadmaker,14.395358602320954
