,Appliance,Average
0,TV & DVD Digibox & Lamp,13.0066932221719
1,Kettle & Radio,4.1887788728646855
2,Gas Boiler,13.994437749925835
3,Freezer,23.71415976585082
4,Washing Machine & Microwave & Breadmaker,0.34104487914181597
