,Appliance,Average
0,Kettle,7.817521950649774
1,Electric Heater,139.9134356542455
2,Laptop,16.58230680707726
3,Projector,21.435270006603666
