,Appliance,Average
0,Kettle,1.5800013436685598
1,Electric Heater,107.52165285092846
2,Laptop,9.208271652176213
3,Projector,19.58553443732442
