,Appliance,Average
0,Kettle,1.9208912022126043
1,Electric Heater,58.68196506715891
2,Laptop,7.403456677546943
3,Projector,11.462661311637422
