,Appliance,Average
0,Kettle,0.881327456441415
1,Electric Heater,142.9960816107776
2,Laptop,5.881072078556287
3,Projector,11.320791262327466
