,Appliance,Average
0,Kettle,0.8790555305725534
1,Electric Heater,116.20841930394057
2,Laptop,18.97151686924978
3,Projector,3.3544237332633235
