,Appliance,Average
0,Kettle,2.9140938527856988
1,Electric Heater,6.631457352204302
2,Laptop,29.49879364802894
3,Projector,5.528413028413028
