,Appliance,Average
0,Kettle,11.006043279728907
1,Electric Heater,9.390019821272045
2,Laptop,2.9381870299635326
3,Projector,23.106705339630157
