,Appliance,Average
0,Kettle,19.339214759255533
1,Electric Heater,24.117680684618694
2,Laptop,1.8038504580513366
3,Projector,62.370321039776776
