,Appliance,Average
0,Kettle,7.075228575646918
1,Electric Heater,78.63204596165498
2,Laptop,3.1717510682756984
3,Projector,61.502540192886045
