,Appliance,Average
0,Kettle,1.715314715997795
1,Electric Heater,84.5974660971703
2,Laptop,8.668791676517467
3,Projector,16.71641232911373
