,Appliance,Average
0,Kettle,2.0144503638943583
1,Electric Heater,59.07829205728457
2,Laptop,8.329389449993077
3,Projector,8.909896112121974
