,Appliance,Average
0,Kettle,1.829182325383909
1,Electric Heater,86.48007993489637
2,Laptop,5.983477874679709
3,Projector,13.435844854514954
