,Appliance,Average
0,Kettle,0.8840700797223107
1,Electric Heater,88.65978680460907
2,Laptop,5.764685705671309
3,Projector,12.041981747066492
