,Appliance,Average
0,Kettle,0.8824693119401393
1,Electric Heater,180.1589320610907
2,Laptop,5.737067090742988
3,Projector,6.708468049950088
