,Appliance,Average
0,Kettle,0.881241915693501
1,Electric Heater,154.9057732542072
2,Laptop,5.8156618771162165
3,Projector,4.662028528922727
