,Appliance,Average
0,Kettle,0.8307852512740024
1,Electric Heater,30.69198146372643
2,Laptop,3.9261297102631407
3,Projector,3.1119832548403976
