,Appliance,Average
0,Kettle,4.339480827664473
1,Electric Heater,41.20762066544295
2,Laptop,5.848170988686801
3,Projector,4.724074560252035
