,Appliance,Average
0,Kettle,6.304341057313782
1,Electric Heater,44.9980433527992
2,Laptop,5.916983376267205
3,Projector,5.988344988344988
