,Appliance,Average
0,Kettle,7.849497415224876
1,Electric Heater,1.8995305529466355
2,Laptop,60.15121108929859
3,Projector,0.0
