,Appliance,Average
0,Kettle,5.800714506743455
1,Electric Heater,1.8992709894738125
2,Laptop,5.048488647105538
3,Projector,0.0
