,Appliance,Average
0,Kettle,14.728849937675058
1,Electric Heater,1.8495555589699102
2,Laptop,1.1957849054465997
3,Projector,9.367015839677956
