,Appliance,Average
0,Kettle,1.6191551991889703
1,Electric Heater,1.9011921496224435
2,Laptop,58.197298488687174
3,Projector,9.164118765654601
