,Appliance,Average
0,Kettle,8.81403023509948
1,Electric Heater,160.10458148016556
2,Laptop,13.71824930771957
3,Projector,26.538834272286824
