antecedents,consequents,antecedent support,consequent support,support,confidence,lift,leverage,conviction
frozenset({'03:30:00'}),frozenset({'channel_4'}),1.0,0.40096618357487923,0.40096618357487923,0.40096618357487923,1.0,0.0,1.0
frozenset({'03:30:00'}),frozenset({'channel_5'}),1.0,0.3864734299516908,0.3864734299516908,0.3864734299516908,1.0,0.0,1.0
frozenset({'03:30:00'}),"frozenset({'channel_4', 'channel_5'})",1.0,0.1932367149758454,0.1932367149758454,0.1932367149758454,1.0,0.0,1.0
