antecedents,consequents,antecedent support,consequent support,support,confidence,lift,leverage,conviction
frozenset({'04:30:00'}),frozenset({'channel_4'}),1.0,0.25120772946859904,0.25120772946859904,0.25120772946859904,1.0,0.0,1.0
frozenset({'04:30:00'}),frozenset({'channel_5'}),1.0,0.3671497584541063,0.3671497584541063,0.3671497584541063,1.0,0.0,1.0
frozenset({'04:30:00'}),"frozenset({'channel_4', 'channel_5'})",1.0,0.08695652173913043,0.08695652173913043,0.08695652173913043,1.0,0.0,1.0
