antecedents,consequents,antecedent support,consequent support,support,confidence,lift,leverage,conviction
frozenset({'05:00:00'}),frozenset({'channel_3'}),1.0,0.04830917874396135,0.04830917874396135,0.04830917874396135,1.0,0.0,1.0
frozenset({'05:00:00'}),frozenset({'channel_4'}),1.0,0.18357487922705315,0.18357487922705315,0.18357487922705315,1.0,0.0,1.0
frozenset({'05:00:00'}),frozenset({'channel_5'}),1.0,0.2995169082125604,0.2995169082125604,0.2995169082125604,1.0,0.0,1.0
frozenset({'05:00:00'}),"frozenset({'channel_3', 'channel_5'})",1.0,0.024154589371980676,0.024154589371980676,0.024154589371980676,1.0,0.0,1.0
frozenset({'05:00:00'}),"frozenset({'channel_4', 'channel_5'})",1.0,0.06763285024154589,0.06763285024154589,0.06763285024154589,1.0,0.0,1.0
