antecedents,consequents,antecedent support,consequent support,support,confidence,lift,leverage,conviction
frozenset({'05:30:00'}),frozenset({'channel_3'}),1.0,0.11594202898550725,0.11594202898550725,0.11594202898550725,1.0,0.0,1.0
frozenset({'05:30:00'}),frozenset({'channel_4'}),1.0,0.32367149758454106,0.32367149758454106,0.32367149758454106,1.0,0.0,1.0
frozenset({'05:30:00'}),frozenset({'channel_5'}),1.0,0.37681159420289856,0.37681159420289856,0.37681159420289856,1.0,0.0,1.0
frozenset({'05:30:00'}),"frozenset({'channel_4', 'channel_3'})",1.0,0.033816425120772944,0.033816425120772944,0.033816425120772944,1.0,0.0,1.0
frozenset({'05:30:00'}),"frozenset({'channel_3', 'channel_5'})",1.0,0.06763285024154589,0.06763285024154589,0.06763285024154589,1.0,0.0,1.0
frozenset({'05:30:00'}),"frozenset({'channel_4', 'channel_5'})",1.0,0.12077294685990338,0.12077294685990338,0.12077294685990338,1.0,0.0,1.0
