antecedents,consequents,antecedent support,consequent support,support,confidence,lift,leverage,conviction
frozenset({'06:00:00'}),frozenset({'channel_3'}),1.0,0.13043478260869565,0.13043478260869565,0.13043478260869565,1.0,0.0,1.0
frozenset({'06:00:00'}),frozenset({'channel_4'}),1.0,0.3719806763285024,0.3719806763285024,0.3719806763285024,1.0,0.0,1.0
frozenset({'06:00:00'}),frozenset({'channel_5'}),1.0,0.26570048309178745,0.26570048309178745,0.26570048309178745,1.0,0.0,1.0
frozenset({'06:00:00'}),frozenset({'channel_6'}),1.0,0.024154589371980676,0.024154589371980676,0.024154589371980676,1.0,0.0,1.0
frozenset({'06:00:00'}),"frozenset({'channel_4', 'channel_3'})",1.0,0.057971014492753624,0.057971014492753624,0.057971014492753624,1.0,0.0,1.0
frozenset({'06:00:00'}),"frozenset({'channel_3', 'channel_5'})",1.0,0.03864734299516908,0.03864734299516908,0.03864734299516908,1.0,0.0,1.0
frozenset({'06:00:00'}),"frozenset({'channel_4', 'channel_5'})",1.0,0.13526570048309178,0.13526570048309178,0.13526570048309178,1.0,0.0,1.0
