antecedents,consequents,antecedent support,consequent support,support,confidence,lift,leverage,conviction
frozenset({'06:30:00'}),frozenset({'channel_3'}),1.0,0.12077294685990338,0.12077294685990338,0.12077294685990338,1.0,0.0,1.0
frozenset({'06:30:00'}),frozenset({'channel_4'}),1.0,0.4057971014492754,0.4057971014492754,0.4057971014492754,1.0,0.0,1.0
frozenset({'06:30:00'}),frozenset({'channel_5'}),1.0,0.3671497584541063,0.3671497584541063,0.3671497584541063,1.0,0.0,1.0
frozenset({'06:30:00'}),frozenset({'channel_6'}),1.0,0.03864734299516908,0.03864734299516908,0.03864734299516908,1.0,0.0,1.0
frozenset({'06:30:00'}),"frozenset({'channel_4', 'channel_3'})",1.0,0.06763285024154589,0.06763285024154589,0.06763285024154589,1.0,0.0,1.0
frozenset({'06:30:00'}),"frozenset({'channel_3', 'channel_5'})",1.0,0.043478260869565216,0.043478260869565216,0.043478260869565216,1.0,0.0,1.0
frozenset({'06:30:00'}),"frozenset({'channel_4', 'channel_5'})",1.0,0.16908212560386474,0.16908212560386474,0.16908212560386474,1.0,0.0,1.0
frozenset({'06:30:00'}),"frozenset({'channel_4', 'channel_3', 'channel_5'})",1.0,0.024154589371980676,0.024154589371980676,0.024154589371980676,1.0,0.0,1.0
