antecedents,consequents,antecedent support,consequent support,support,confidence,lift,leverage,conviction
frozenset({'08:00:00'}),frozenset({'channel_3'}),1.0,0.04830917874396135,0.04830917874396135,0.04830917874396135,1.0,0.0,1.0
frozenset({'08:00:00'}),frozenset({'channel_4'}),1.0,0.14009661835748793,0.14009661835748793,0.14009661835748793,1.0,0.0,1.0
frozenset({'08:00:00'}),frozenset({'channel_5'}),1.0,0.40096618357487923,0.40096618357487923,0.40096618357487923,1.0,0.0,1.0
frozenset({'08:00:00'}),frozenset({'channel_6'}),1.0,0.03864734299516908,0.03864734299516908,0.03864734299516908,1.0,0.0,1.0
frozenset({'08:00:00'}),"frozenset({'channel_3', 'channel_5'})",1.0,0.033816425120772944,0.033816425120772944,0.033816425120772944,1.0,0.0,1.0
frozenset({'08:00:00'}),"frozenset({'channel_4', 'channel_5'})",1.0,0.06763285024154589,0.06763285024154589,0.06763285024154589,1.0,0.0,1.0
