antecedents,consequents,antecedent support,consequent support,support,confidence,lift,leverage,conviction
frozenset({'08:30:00'}),frozenset({'channel_3'}),1.0,0.17391304347826086,0.17391304347826086,0.17391304347826086,1.0,0.0,1.0
frozenset({'08:30:00'}),frozenset({'channel_4'}),1.0,0.15458937198067632,0.15458937198067632,0.15458937198067632,1.0,0.0,1.0
frozenset({'08:30:00'}),frozenset({'channel_5'}),1.0,0.36231884057971014,0.36231884057971014,0.36231884057971014,1.0,0.0,1.0
frozenset({'08:30:00'}),"frozenset({'channel_3', 'channel_5'})",1.0,0.06763285024154589,0.06763285024154589,0.06763285024154589,1.0,0.0,1.0
frozenset({'08:30:00'}),"frozenset({'channel_4', 'channel_5'})",1.0,0.057971014492753624,0.057971014492753624,0.057971014492753624,1.0,0.0,1.0
