antecedents,consequents,antecedent support,consequent support,support,confidence,lift,leverage,conviction
frozenset({'09:00:00'}),frozenset({'channel_3'}),1.0,0.21739130434782608,0.21739130434782608,0.21739130434782608,1.0,0.0,1.0
frozenset({'09:00:00'}),frozenset({'channel_4'}),1.0,0.12560386473429952,0.12560386473429952,0.12560386473429952,1.0,0.0,1.0
frozenset({'09:00:00'}),frozenset({'channel_5'}),1.0,0.3719806763285024,0.3719806763285024,0.3719806763285024,1.0,0.0,1.0
frozenset({'09:00:00'}),"frozenset({'channel_4', 'channel_3'})",1.0,0.024154589371980676,0.024154589371980676,0.024154589371980676,1.0,0.0,1.0
frozenset({'09:00:00'}),"frozenset({'channel_3', 'channel_5'})",1.0,0.10144927536231885,0.10144927536231885,0.10144927536231885,1.0,0.0,1.0
frozenset({'09:00:00'}),"frozenset({'channel_4', 'channel_5'})",1.0,0.03864734299516908,0.03864734299516908,0.03864734299516908,1.0,0.0,1.0
