antecedents,consequents,antecedent support,consequent support,support,confidence,lift,leverage,conviction
frozenset({'11:00:00'}),frozenset({'channel_2'}),1.0,0.024154589371980676,0.024154589371980676,0.024154589371980676,1.0,0.0,1.0
frozenset({'11:00:00'}),frozenset({'channel_3'}),1.0,0.07246376811594203,0.07246376811594203,0.07246376811594203,1.0,0.0,1.0
frozenset({'11:00:00'}),frozenset({'channel_4'}),1.0,0.057971014492753624,0.057971014492753624,0.057971014492753624,1.0,0.0,1.0
frozenset({'11:00:00'}),frozenset({'channel_5'}),1.0,0.42028985507246375,0.42028985507246375,0.42028985507246375,1.0,0.0,1.0
frozenset({'11:00:00'}),"frozenset({'channel_3', 'channel_5'})",1.0,0.043478260869565216,0.043478260869565216,0.043478260869565216,1.0,0.0,1.0
frozenset({'11:00:00'}),"frozenset({'channel_4', 'channel_5'})",1.0,0.03864734299516908,0.03864734299516908,0.03864734299516908,1.0,0.0,1.0
