antecedents,consequents,antecedent support,consequent support,support,confidence,lift,leverage,conviction
frozenset({'14:30:00'}),frozenset({'channel_2'}),1.0,0.043478260869565216,0.043478260869565216,0.043478260869565216,1.0,0.0,1.0
frozenset({'14:30:00'}),frozenset({'channel_3'}),1.0,0.09178743961352658,0.09178743961352658,0.09178743961352658,1.0,0.0,1.0
frozenset({'14:30:00'}),frozenset({'channel_4'}),1.0,0.12560386473429952,0.12560386473429952,0.12560386473429952,1.0,0.0,1.0
frozenset({'14:30:00'}),frozenset({'channel_5'}),1.0,0.4057971014492754,0.4057971014492754,0.4057971014492754,1.0,0.0,1.0
frozenset({'14:30:00'}),"frozenset({'channel_4', 'channel_3'})",1.0,0.028985507246376812,0.028985507246376812,0.028985507246376812,1.0,0.0,1.0
frozenset({'14:30:00'}),"frozenset({'channel_3', 'channel_5'})",1.0,0.043478260869565216,0.043478260869565216,0.043478260869565216,1.0,0.0,1.0
frozenset({'14:30:00'}),"frozenset({'channel_4', 'channel_5'})",1.0,0.0821256038647343,0.0821256038647343,0.0821256038647343,1.0,0.0,1.0
