antecedents,consequents,antecedent support,consequent support,support,confidence,lift,leverage,conviction
frozenset({'15:30:00'}),frozenset({'channel_2'}),1.0,0.043478260869565216,0.043478260869565216,0.043478260869565216,1.0,0.0,1.0
frozenset({'15:30:00'}),frozenset({'channel_3'}),1.0,0.05314009661835749,0.05314009661835749,0.05314009661835749,1.0,0.0,1.0
frozenset({'15:30:00'}),frozenset({'channel_4'}),1.0,0.27053140096618356,0.27053140096618356,0.27053140096618356,1.0,0.0,1.0
frozenset({'15:30:00'}),frozenset({'channel_5'}),1.0,0.41545893719806765,0.41545893719806765,0.41545893719806765,1.0,0.0,1.0
frozenset({'15:30:00'}),"frozenset({'channel_4', 'channel_2'})",1.0,0.024154589371980676,0.024154589371980676,0.024154589371980676,1.0,0.0,1.0
frozenset({'15:30:00'}),"frozenset({'channel_5', 'channel_2'})",1.0,0.028985507246376812,0.028985507246376812,0.028985507246376812,1.0,0.0,1.0
frozenset({'15:30:00'}),"frozenset({'channel_3', 'channel_5'})",1.0,0.028985507246376812,0.028985507246376812,0.028985507246376812,1.0,0.0,1.0
frozenset({'15:30:00'}),"frozenset({'channel_4', 'channel_5'})",1.0,0.13043478260869565,0.13043478260869565,0.13043478260869565,1.0,0.0,1.0
