antecedents,consequents,antecedent support,consequent support,support,confidence,lift,leverage,conviction
frozenset({'16:00:00'}),frozenset({'channel_2'}),1.0,0.05314009661835749,0.05314009661835749,0.05314009661835749,1.0,0.0,1.0
frozenset({'16:00:00'}),frozenset({'channel_3'}),1.0,0.05314009661835749,0.05314009661835749,0.05314009661835749,1.0,0.0,1.0
frozenset({'16:00:00'}),frozenset({'channel_4'}),1.0,0.28502415458937197,0.28502415458937197,0.28502415458937197,1.0,0.0,1.0
frozenset({'16:00:00'}),frozenset({'channel_5'}),1.0,0.47342995169082125,0.47342995169082125,0.47342995169082125,1.0,0.0,1.0
frozenset({'16:00:00'}),"frozenset({'channel_4', 'channel_2'})",1.0,0.024154589371980676,0.024154589371980676,0.024154589371980676,1.0,0.0,1.0
frozenset({'16:00:00'}),"frozenset({'channel_5', 'channel_2'})",1.0,0.024154589371980676,0.024154589371980676,0.024154589371980676,1.0,0.0,1.0
frozenset({'16:00:00'}),"frozenset({'channel_3', 'channel_5'})",1.0,0.033816425120772944,0.033816425120772944,0.033816425120772944,1.0,0.0,1.0
frozenset({'16:00:00'}),"frozenset({'channel_4', 'channel_5'})",1.0,0.16908212560386474,0.16908212560386474,0.16908212560386474,1.0,0.0,1.0
