antecedents,consequents,antecedent support,consequent support,support,confidence,lift,leverage,conviction
frozenset({'21:30:00'}),frozenset({'channel_2'}),1.0,0.1497584541062802,0.1497584541062802,0.1497584541062802,1.0,0.0,1.0
frozenset({'21:30:00'}),frozenset({'channel_3'}),1.0,0.05314009661835749,0.05314009661835749,0.05314009661835749,1.0,0.0,1.0
frozenset({'21:30:00'}),frozenset({'channel_4'}),1.0,0.20772946859903382,0.20772946859903382,0.20772946859903382,1.0,0.0,1.0
frozenset({'21:30:00'}),frozenset({'channel_5'}),1.0,0.37681159420289856,0.37681159420289856,0.37681159420289856,1.0,0.0,1.0
frozenset({'21:30:00'}),"frozenset({'channel_4', 'channel_2'})",1.0,0.07246376811594203,0.07246376811594203,0.07246376811594203,1.0,0.0,1.0
frozenset({'21:30:00'}),"frozenset({'channel_5', 'channel_2'})",1.0,0.06280193236714976,0.06280193236714976,0.06280193236714976,1.0,0.0,1.0
frozenset({'21:30:00'}),"frozenset({'channel_3', 'channel_5'})",1.0,0.024154589371980676,0.024154589371980676,0.024154589371980676,1.0,0.0,1.0
frozenset({'21:30:00'}),"frozenset({'channel_4', 'channel_5'})",1.0,0.07246376811594203,0.07246376811594203,0.07246376811594203,1.0,0.0,1.0
frozenset({'21:30:00'}),"frozenset({'channel_4', 'channel_5', 'channel_2'})",1.0,0.028985507246376812,0.028985507246376812,0.028985507246376812,1.0,0.0,1.0
