antecedents,consequents,antecedent support,consequent support,support,confidence,lift,leverage,conviction
frozenset({'22:30:00'}),frozenset({'channel_2'}),1.0,0.08695652173913043,0.08695652173913043,0.08695652173913043,1.0,0.0,1.0
frozenset({'22:30:00'}),frozenset({'channel_3'}),1.0,0.03864734299516908,0.03864734299516908,0.03864734299516908,1.0,0.0,1.0
frozenset({'22:30:00'}),frozenset({'channel_4'}),1.0,0.08695652173913043,0.08695652173913043,0.08695652173913043,1.0,0.0,1.0
frozenset({'22:30:00'}),frozenset({'channel_5'}),1.0,0.357487922705314,0.357487922705314,0.357487922705314,1.0,0.0,1.0
frozenset({'22:30:00'}),"frozenset({'channel_5', 'channel_2'})",1.0,0.03864734299516908,0.03864734299516908,0.03864734299516908,1.0,0.0,1.0
frozenset({'22:30:00'}),"frozenset({'channel_4', 'channel_3'})",1.0,0.028985507246376812,0.028985507246376812,0.028985507246376812,1.0,0.0,1.0
frozenset({'22:30:00'}),"frozenset({'channel_4', 'channel_5'})",1.0,0.033816425120772944,0.033816425120772944,0.033816425120772944,1.0,0.0,1.0
