antecedents,consequents,antecedent support,consequent support,support,confidence,lift,leverage,conviction
frozenset({'23:00:00'}),frozenset({'channel_2'}),1.0,0.043478260869565216,0.043478260869565216,0.043478260869565216,1.0,0.0,1.0
frozenset({'23:00:00'}),frozenset({'channel_4'}),1.0,0.07729468599033816,0.07729468599033816,0.07729468599033816,1.0,0.0,1.0
frozenset({'23:00:00'}),frozenset({'channel_5'}),1.0,0.32367149758454106,0.32367149758454106,0.32367149758454106,1.0,0.0,1.0
frozenset({'23:00:00'}),"frozenset({'channel_4', 'channel_5'})",1.0,0.024154589371980676,0.024154589371980676,0.024154589371980676,1.0,0.0,1.0
