antecedents,consequents,antecedent support,consequent support,support,confidence,lift,leverage,conviction
frozenset({'15:00:00'}),frozenset({'channel_4'}),1.0,0.027777777777777776,0.027777777777777776,0.027777777777777776,1.0,0.0,1.0
frozenset({'15:00:00'}),frozenset({'channel_5'}),1.0,0.027777777777777776,0.027777777777777776,0.027777777777777776,1.0,0.0,1.0
