antecedents,consequents,antecedent support,consequent support,support,confidence,lift,leverage,conviction
frozenset({'22:00:00'}),frozenset({'channel_2'}),1.0,0.05555555555555555,0.05555555555555555,0.05555555555555555,1.0,0.0,1.0
frozenset({'22:00:00'}),frozenset({'channel_3'}),1.0,0.05555555555555555,0.05555555555555555,0.05555555555555555,1.0,0.0,1.0
frozenset({'22:00:00'}),frozenset({'channel_5'}),1.0,0.3055555555555556,0.3055555555555556,0.3055555555555556,1.0,0.0,1.0
frozenset({'22:00:00'}),"frozenset({'channel_5', 'channel_2'})",1.0,0.05555555555555555,0.05555555555555555,0.05555555555555555,1.0,0.0,1.0
