antecedents,consequents,antecedent support,consequent support,support,confidence,lift,leverage,conviction
frozenset({'22:30:00'}),frozenset({'channel_2'}),1.0,0.05555555555555555,0.05555555555555555,0.05555555555555555,1.0,0.0,1.0
frozenset({'22:30:00'}),frozenset({'channel_3'}),1.0,0.05555555555555555,0.05555555555555555,0.05555555555555555,1.0,0.0,1.0
frozenset({'22:30:00'}),frozenset({'channel_5'}),1.0,0.25,0.25,0.25,1.0,0.0,1.0
frozenset({'22:30:00'}),"frozenset({'channel_3', 'channel_5'})",1.0,0.027777777777777776,0.027777777777777776,0.027777777777777776,1.0,0.0,1.0
