,Appliance,Average
0,TV & DVD Digibox & Lamp,11.349015274616203
1,Kettle & Radio,7.916928826405436
2,Gas Boiler,24.759371316969105
3,Freezer,21.918278563267673
4,Washing Machine & Microwave & Breadmaker,0.28263154676407476
