,Appliance,Average
0,TV & DVD Digibox & Lamp,11.85822328214681
1,Kettle & Radio,38.73458663106941
2,Gas Boiler,17.69541071485443
3,Freezer,26.688191437285045
4,Washing Machine & Microwave & Breadmaker,5.910243348438279
