,Appliance,Average
0,TV & DVD Digibox & Lamp,11.772072726220498
1,Kettle & Radio,26.128331335948047
2,Gas Boiler,18.034156921251935
3,Freezer,26.122323021881474
4,Washing Machine & Microwave & Breadmaker,18.370160891562563
