,Appliance,Average
0,TV & DVD Digibox & Lamp,13.369896277476585
1,Kettle & Radio,12.228873038994664
2,Gas Boiler,18.43526787624356
3,Freezer,26.81314885828792
4,Washing Machine & Microwave & Breadmaker,11.88716430297014
