,Appliance,Average
0,TV & DVD Digibox & Lamp,13.103495501688714
1,Kettle & Radio,19.29233711484447
2,Gas Boiler,17.367640521690287
3,Freezer,26.976264228103933
4,Washing Machine & Microwave & Breadmaker,2.9687322768265525
