,Appliance,Average
0,TV & DVD Digibox & Lamp,24.472279028434798
1,Kettle & Radio,13.066235453372277
2,Gas Boiler,33.210913930182045
3,Freezer,25.354397486408654
4,Washing Machine & Microwave & Breadmaker,7.702901777935284
