,Appliance,Average
0,TV & DVD Digibox & Lamp,24.284786908041063
1,Kettle & Radio,13.371209094743582
2,Gas Boiler,28.52430986842801
3,Freezer,27.85013747724073
4,Washing Machine & Microwave & Breadmaker,11.095601020693287
