,Appliance,Average
0,TV & DVD Digibox & Lamp,19.75608740678192
1,Kettle & Radio,10.118475211836348
2,Gas Boiler,24.77540943226741
3,Freezer,25.36134308528683
4,Washing Machine & Microwave & Breadmaker,1.3983255627202935
