,Appliance,Average
0,TV & DVD Digibox & Lamp,11.523724884711918
1,Kettle & Radio,18.423763134378564
2,Gas Boiler,16.878494715654707
3,Freezer,28.85551078070571
4,Washing Machine & Microwave & Breadmaker,29.363713244140662
