,Appliance,Average
0,TV & DVD Digibox & Lamp,23.721309456203702
1,Kettle & Radio,14.417196685617128
2,Gas Boiler,32.83353659979269
3,Freezer,28.257112798463698
4,Washing Machine & Microwave & Breadmaker,6.273496043725586
