,Appliance,Average
0,TV & DVD Digibox & Lamp,17.58613294086195
1,Kettle & Radio,7.670101416727396
2,Gas Boiler,15.394161525564948
3,Freezer,25.185590009502434
4,Washing Machine & Microwave & Breadmaker,3.2658847447707418
