,Appliance,Average
0,TV & DVD Digibox & Lamp,11.66393753467068
1,Kettle & Radio,0.4961588891185097
2,Gas Boiler,11.636755722248905
3,Freezer,25.679205084784407
4,Washing Machine & Microwave & Breadmaker,1.1032892357077375
