,Appliance,Average
0,TV & DVD Digibox & Lamp,12.375187071809812
1,Kettle & Radio,1.053545022812155
2,Gas Boiler,12.158078254821064
3,Freezer,25.76878824588864
4,Washing Machine & Microwave & Breadmaker,6.428141582737212
